"","barcode","braak_stage","ad_status","source_tissue","sex","age_blood","age_brain"
"V2","6969568118_R03C02","0","C","entorhinal cortex","FEMALE","79","82"
"V3","7796806113_R05C02","0","C","whole blood","FEMALE","79","82"
"V4","6042316048_R05C01","0","C","frontal cortex","FEMALE","79","82"
"V5","6042316103_R06C02","0","C","superior temporal gyrus","FEMALE","79","82"
"V6","7512560088_R03C01","2","Exclude","whole blood","FEMALE","78","82"
"V7","6929718123_R02C02","2","Exclude","cerebellum","FEMALE","78","82"
"V8","6042316103_R02C01","2","Exclude","superior temporal gyrus","FEMALE","78","82"
"V9","6042316066_R05C01","2","Exclude","frontal cortex","FEMALE","78","82"
"V10","6969568084_R03C02","2","Exclude","entorhinal cortex","FEMALE","78","82"
"V11","6042316066_R03C02","Exclude","AD","frontal cortex","MALE","89","89"
"V12","6929718136_R01C02","Exclude","AD","entorhinal cortex","MALE","89","89"
"V13","6042316103_R01C01","Exclude","AD","superior temporal gyrus","MALE","89","89"
"V14","6057825018_R01C02","Exclude","AD","cerebellum","MALE","89","89"
"V15","6042316053_R05C02","1","C","superior temporal gyrus","FEMALE","77","81"
"V16","7786923107_R02C01","1","C","frontal cortex","FEMALE","77","81"
"V17","6969568084_R06C02","1","C","entorhinal cortex","FEMALE","77","81"
"V18","6042316107_R02C02","1","C","cerebellum","FEMALE","77","81"
"V19","7512551028_R01C02","2","C","whole blood","FEMALE","90","92"
"V20","6042316103_R03C01","2","C","superior temporal gyrus","FEMALE","90","92"
"V21","6969568087_R03C01","2","C","entorhinal cortex","FEMALE","90","92"
"V22","6042316121_R04C02","2","C","frontal cortex","FEMALE","90","92"
"V23","6042316099_R01C01","1","C","frontal cortex","MALE","78","78"
"V24","6042316054_R04C01","1","C","superior temporal gyrus","MALE","78","78"
"V25","7796814007_R02C02","1","C","whole blood","MALE","78","78"
"V26","6969568084_R02C01","1","C","entorhinal cortex","MALE","78","78"
"V27","6042316127_R03C01","1","C","cerebellum","MALE","78","78"
"V28","6969568087_R06C02","3","Exclude","entorhinal cortex","MALE","83","86"
"V29","6042316127_R01C02","3","Exclude","cerebellum","MALE","83","86"
"V30","6042316061_R03C02","3","Exclude","superior temporal gyrus","MALE","83","86"
"V31","7796806113_R01C01","3","Exclude","whole blood","MALE","83","86"
"V32","6042316035_R01C01","3","Exclude","frontal cortex","MALE","83","86"
"V33","6042316107_R03C01","4","AD","cerebellum","FEMALE","94","96"
"V34","6969568084_R05C02","4","AD","entorhinal cortex","FEMALE","94","96"
"V35","6042316063_R03C02","4","AD","superior temporal gyrus","FEMALE","94","96"
"V36","6042316099_R02C01","4","AD","frontal cortex","FEMALE","94","96"
"V37","7796806143_R03C02","4","AD","whole blood","FEMALE","94","96"
"V38","6042316094_R06C02","6","AD","frontal cortex","FEMALE","92","90"
"V39","6057825018_R06C02","6","AD","cerebellum","FEMALE","92","90"
"V40","6042316050_R02C01","6","AD","superior temporal gyrus","FEMALE","92","90"
"V41","6929718136_R06C01","6","AD","entorhinal cortex","FEMALE","92","90"
"V42","7796806016_R03C02","6","AD","frontal cortex","MALE","81","82"
"V43","7796806113_R02C01","6","AD","whole blood","MALE","81","82"
"V44","6057825018_R06C01","6","AD","cerebellum","MALE","81","82"
"V45","7786923046_R06C01","6","AD","entorhinal cortex","MALE","81","82"
"V46","6042316050_R05C01","6","AD","superior temporal gyrus","MALE","81","82"
"V47","7796806142_R03C02","6","AD","whole blood","FEMALE","87","89"
"V48","6042316107_R05C02","6","AD","cerebellum","FEMALE","87","89"
"V49","6929718138_R03C02","6","AD","entorhinal cortex","FEMALE","87","89"
"V50","6042316054_R06C01","6","AD","superior temporal gyrus","FEMALE","87","89"
"V51","6042316066_R06C01","6","AD","frontal cortex","FEMALE","87","89"
"V52","6042316094_R03C02","6","AD","frontal cortex","MALE","90","91"
"V53","6057825014_R01C02","6","AD","cerebellum","MALE","90","91"
"V54","6042316053_R03C01","6","AD","superior temporal gyrus","MALE","90","91"
"V55","6969568118_R04C02","6","AD","entorhinal cortex","MALE","90","91"
"V56","7512560117_R04C02","6","AD","whole blood","MALE","90","91"
"V57","6042316110_R04C01","5","AD","frontal cortex","FEMALE","79","80"
"V58","7796814007_R03C01","5","AD","whole blood","FEMALE","79","80"
"V59","6057825018_R01C01","5","AD","cerebellum","FEMALE","79","80"
"V60","6042316050_R06C02","5","AD","superior temporal gyrus","FEMALE","79","80"
"V61","6929718123_R04C01","5","AD","entorhinal cortex","FEMALE","79","80"
"V62","6929726046_R01C02","Exclude","AD","entorhinal cortex","MALE","89","89"
"V63","6042316065_R05C02","Exclude","AD","superior temporal gyrus","MALE","89","89"
"V64","6042316094_R04C02","Exclude","AD","frontal cortex","MALE","89","89"
"V65","7512560088_R06C01","Exclude","AD","whole blood","MALE","89","89"
"V66","6057825014_R04C01","Exclude","AD","cerebellum","MALE","89","89"
"V67","7796806002_R05C02","6","AD","frontal cortex","MALE","84","84"
"V68","6057825018_R04C01","6","AD","cerebellum","MALE","84","84"
"V69","7512560088_R06C02","6","AD","whole blood","MALE","84","84"
"V70","6042316036_R01C02","6","AD","superior temporal gyrus","MALE","84","84"
"V71","6969568118_R02C01","3","AD","entorhinal cortex","FEMALE","89","91"
"V72","6042316127_R04C01","3","AD","cerebellum","FEMALE","89","91"
"V73","6042316054_R03C01","3","AD","superior temporal gyrus","FEMALE","89","91"
"V74","6042316110_R06C01","3","AD","frontal cortex","FEMALE","89","91"
"V75","7512560117_R06C02","3","AD","whole blood","FEMALE","89","91"
"V76","6042316065_R04C02","6","AD","superior temporal gyrus","FEMALE","83","84"
"V77","7796806113_R03C01","6","AD","whole blood","FEMALE","83","84"
"V78","6042316107_R04C02","6","AD","cerebellum","FEMALE","83","84"
"V79","6042316035_R05C01","6","AD","frontal cortex","FEMALE","83","84"
"V80","6929718123_R01C02","6","AD","entorhinal cortex","FEMALE","83","84"
"V81","6969568084_R06C01","6","AD","entorhinal cortex","FEMALE","80","82"
"V82","6042316036_R04C01","6","AD","superior temporal gyrus","FEMALE","80","82"
"V83","6042316085_R01C02","6","AD","cerebellum","FEMALE","80","82"
"V84","7796806113_R03C02","6","AD","whole blood","FEMALE","80","82"
"V85","6042316048_R05C02","6","AD","frontal cortex","FEMALE","80","82"
"V86","6042316107_R06C01","Exclude","AD","cerebellum","FEMALE","80","81"
"V87","7512560088_R04C01","Exclude","AD","whole blood","FEMALE","80","81"
"V88","6969568082_R02C02","Exclude","AD","entorhinal cortex","FEMALE","80","81"
"V89","6042316069_R03C02","Exclude","AD","frontal cortex","FEMALE","80","81"
"V90","6042316061_R04C02","Exclude","AD","superior temporal gyrus","FEMALE","80","81"
"V91","6057825017_R06C02","6","AD","cerebellum","FEMALE","67","69"
"V92","6042316063_R01C02","6","AD","superior temporal gyrus","FEMALE","67","69"
"V93","6042316099_R05C02","6","AD","frontal cortex","FEMALE","67","69"
"V94","6929718123_R02C01","6","AD","entorhinal cortex","FEMALE","67","69"
"V95","7796806142_R02C02","Exclude","AD","whole blood","FEMALE","88","90"
"V96","6042316036_R03C01","Exclude","AD","superior temporal gyrus","FEMALE","88","90"
"V97","6057825017_R04C01","Exclude","AD","cerebellum","FEMALE","88","90"
"V98","6929718136_R01C01","Exclude","AD","entorhinal cortex","FEMALE","88","90"
"V99","6042316110_R03C02","Exclude","AD","frontal cortex","FEMALE","88","90"
"V100","7512560117_R06C01","6","AD","whole blood","FEMALE","90","91"
"V101","6042316069_R01C02","6","AD","frontal cortex","FEMALE","90","91"
"V102","6042316103_R03C02","6","AD","superior temporal gyrus","FEMALE","90","91"
"V103","6929718123_R01C01","6","AD","entorhinal cortex","FEMALE","90","91"
"V104","6057825018_R02C02","6","AD","cerebellum","FEMALE","90","91"
"V105","6042316063_R02C01","5","AD","superior temporal gyrus","FEMALE","93","96"
"V106","6057825008_R06C02","5","AD","cerebellum","FEMALE","93","96"
"V107","6929726046_R06C02","5","AD","entorhinal cortex","FEMALE","93","96"
"V108","7796814007_R01C01","5","AD","whole blood","FEMALE","93","96"
"V109","6042316099_R02C02","5","AD","frontal cortex","FEMALE","93","96"
"V110","6042316069_R04C01","5","AD","frontal cortex","FEMALE","80","85"
"V111","6042316061_R06C01","5","AD","superior temporal gyrus","FEMALE","80","85"
"V112","6057825014_R05C02","5","AD","cerebellum","FEMALE","80","85"
"V113","6929726046_R05C02","5","AD","entorhinal cortex","FEMALE","80","85"
"V114","7512560117_R02C02","5","AD","whole blood","FEMALE","95","97"
"V115","6042316048_R02C01","5","AD","frontal cortex","FEMALE","95","97"
"V116","6929718123_R04C02","5","AD","entorhinal cortex","FEMALE","95","97"
"V117","6042316065_R06C02","5","AD","superior temporal gyrus","FEMALE","95","97"
"V118","6042316113_R01C02","5","AD","cerebellum","FEMALE","95","97"
"V119","6929718136_R02C02","3","Exclude","entorhinal cortex","FEMALE","83","87"
"V120","7786923107_R06C01","3","Exclude","frontal cortex","FEMALE","83","87"
"V121","6042316085_R01C01","3","Exclude","cerebellum","FEMALE","83","87"
"V122","7512560117_R04C01","3","Exclude","whole blood","FEMALE","83","87"
"V123","6042316036_R05C02","3","Exclude","superior temporal gyrus","FEMALE","83","87"
"V124","6042316110_R01C02","6","AD","frontal cortex","FEMALE","81","85"
"V125","7796806142_R02C01","6","AD","whole blood","FEMALE","81","85"
"V126","6929718138_R01C02","6","AD","entorhinal cortex","FEMALE","81","85"
"V127","6042316063_R05C02","6","AD","superior temporal gyrus","FEMALE","81","85"
"V128","6042316113_R05C01","6","AD","cerebellum","FEMALE","81","85"
"V129","6042316063_R01C01","0","C","superior temporal gyrus","FEMALE","NA","80"
"V130","6042316121_R01C02","0","C","frontal cortex","FEMALE","NA","80"
"V131","6057825018_R02C01","0","C","cerebellum","FEMALE","NA","80"
"V132","6929718138_R02C02","0","C","entorhinal cortex","FEMALE","NA","80"
"V133","6042316107_R06C02","6","AD","cerebellum","FEMALE","82","87"
"V134","7796806143_R01C01","6","AD","whole blood","FEMALE","82","87"
"V135","6929718138_R05C02","6","AD","entorhinal cortex","FEMALE","82","87"
"V136","6042316048_R04C01","6","AD","frontal cortex","FEMALE","82","87"
"V137","6042316053_R04C01","6","AD","superior temporal gyrus","FEMALE","82","87"
"V138","6042316048_R01C01","6","AD","frontal cortex","MALE","74","80"
"V139","6057825017_R01C01","6","AD","cerebellum","MALE","74","80"
"V140","6929726046_R02C01","6","AD","entorhinal cortex","MALE","74","80"
"V141","6042316036_R06C02","6","AD","superior temporal gyrus","MALE","74","80"
"V142","7796806113_R02C02","6","AD","whole blood","MALE","74","80"
"V143","6042316094_R02C01","5","AD","frontal cortex","FEMALE","89","91"
"V144","6042316127_R02C02","5","AD","cerebellum","FEMALE","89","91"
"V145","6969568087_R06C01","5","AD","entorhinal cortex","FEMALE","89","91"
"V146","6042316061_R04C01","5","AD","superior temporal gyrus","FEMALE","89","91"
"V147","7796806143_R06C02","5","AD","whole blood","FEMALE","89","91"
"V148","7512560117_R03C01","6","AD","whole blood","MALE","78","81"
"V149","6042316036_R05C01","6","AD","superior temporal gyrus","MALE","78","81"
"V150","7796806029_R02C01","6","AD","frontal cortex","MALE","78","81"
"V151","7796806002_R06C02","6","AD","entorhinal cortex","MALE","78","81"
"V152","6042316127_R01C01","6","AD","cerebellum","MALE","78","81"
"V153","6042316127_R04C02","6","AD","cerebellum","FEMALE","88","92"
"V154","7796814007_R06C01","6","AD","whole blood","FEMALE","88","92"
"V155","6042316121_R03C02","6","AD","frontal cortex","FEMALE","88","92"
"V156","6042316036_R03C02","6","AD","superior temporal gyrus","FEMALE","88","92"
"V157","6929718123_R06C01","6","AD","entorhinal cortex","FEMALE","88","92"
"V158","6042316053_R04C02","6","AD","superior temporal gyrus","MALE","70","71"
"V159","6929726046_R06C01","6","AD","entorhinal cortex","MALE","70","71"
"V160","6042316069_R06C02","6","AD","frontal cortex","MALE","70","71"
"V161","7512551028_R05C02","6","AD","whole blood","MALE","70","71"
"V162","7786923063_R06C01","6","AD","cerebellum","MALE","70","71"
"V163","6042316110_R06C02","5","AD","frontal cortex","FEMALE","77","94"
"V164","6969568082_R05C01","5","AD","entorhinal cortex","FEMALE","77","94"
"V165","6042316127_R06C02","5","AD","cerebellum","FEMALE","77","94"
"V166","6042316065_R02C01","5","AD","superior temporal gyrus","FEMALE","77","94"
"V167","6042316065_R02C02","6","AD","superior temporal gyrus","MALE","89","90"
"V168","6969568087_R04C01","6","AD","entorhinal cortex","MALE","89","90"
"V169","6042316099_R04C02","6","AD","frontal cortex","MALE","89","90"
"V170","6042316085_R05C02","6","AD","cerebellum","MALE","89","90"
"V171","7512560117_R01C02","6","AD","whole blood","MALE","89","90"
"V172","6042316085_R02C01","5","AD","cerebellum","MALE","85","86"
"V173","6042316050_R03C02","5","AD","superior temporal gyrus","MALE","85","86"
"V174","6042316066_R05C02","5","AD","frontal cortex","MALE","85","86"
"V175","6969568084_R05C01","5","AD","entorhinal cortex","MALE","85","86"
"V176","6042316053_R02C01","6","AD","superior temporal gyrus","MALE","87","88"
"V177","6969568082_R06C02","6","AD","entorhinal cortex","MALE","87","88"
"V178","7512560088_R04C02","6","AD","whole blood","MALE","87","88"
"V179","6042316035_R03C01","6","AD","frontal cortex","MALE","87","88"
"V180","6042316113_R01C01","6","AD","cerebellum","MALE","87","88"
"V181","6042316054_R05C02","6","AD","superior temporal gyrus","FEMALE","89","90"
"V182","6969568084_R04C02","6","AD","entorhinal cortex","FEMALE","89","90"
"V183","6042316094_R04C01","6","AD","frontal cortex","FEMALE","89","90"
"V184","7796806142_R04C01","6","AD","whole blood","FEMALE","89","90"
"V185","6042316127_R06C01","6","AD","cerebellum","FEMALE","89","90"
"V186","7796806002_R05C01","6","AD","entorhinal cortex","FEMALE","76","80"
"V187","6042316069_R05C01","6","AD","frontal cortex","FEMALE","76","80"
"V188","6042316061_R01C01","6","AD","superior temporal gyrus","FEMALE","76","80"
"V189","7512551028_R04C01","6","AD","whole blood","FEMALE","76","80"
"V190","6057825017_R03C01","6","AD","cerebellum","FEMALE","76","80"
"V191","6057825008_R05C01","6","AD","cerebellum","FEMALE","93","93"
"V192","6042316054_R05C01","6","AD","superior temporal gyrus","FEMALE","93","93"
"V193","6042316121_R05C02","6","AD","frontal cortex","FEMALE","93","93"
"V194","7796806002_R02C02","6","AD","entorhinal cortex","FEMALE","93","93"
"V195","7796806113_R04C01","6","AD","whole blood","FEMALE","93","93"
"V196","6042316127_R05C01","1","C","cerebellum","FEMALE","NA","55"
"V197","6969568087_R04C02","1","C","entorhinal cortex","FEMALE","NA","55"
"V198","6042316048_R02C02","1","C","frontal cortex","FEMALE","NA","55"
"V199","6042316036_R01C01","1","C","superior temporal gyrus","FEMALE","NA","55"
"V200","6042316061_R01C02","2","C","superior temporal gyrus","MALE","NA","79"
"V201","6929726046_R04C01","2","C","entorhinal cortex","MALE","NA","79"
"V202","6042316110_R02C01","2","C","frontal cortex","MALE","NA","79"
"V203","6057825008_R02C01","2","C","cerebellum","MALE","NA","79"
"V204","6042316069_R02C02","1","C","frontal cortex","MALE","NA","80"
"V205","6042316107_R02C01","1","C","cerebellum","MALE","NA","80"
"V206","6042316036_R02C02","1","C","superior temporal gyrus","MALE","NA","80"
"V207","6969568118_R05C02","1","C","entorhinal cortex","MALE","NA","80"
"V208","6042316085_R03C01","5","AD","cerebellum","FEMALE","81","88"
"V209","6042316066_R03C01","5","AD","frontal cortex","FEMALE","81","88"
"V210","6042316053_R06C02","5","AD","superior temporal gyrus","FEMALE","81","88"
"V211","6969568084_R02C02","5","AD","entorhinal cortex","FEMALE","81","88"
"V212","7512560117_R03C02","5","AD","whole blood","FEMALE","81","88"
"V213","6042316127_R02C01","0","C","cerebellum","MALE","NA","86"
"V214","6042316103_R02C02","0","C","superior temporal gyrus","MALE","NA","86"
"V215","6042316094_R01C01","0","C","frontal cortex","MALE","NA","86"
"V216","6969568084_R01C02","0","C","entorhinal cortex","MALE","NA","86"
"V217","6042316035_R04C02","0","C","frontal cortex","FEMALE","NA","87"
"V218","6042316063_R06C01","0","C","superior temporal gyrus","FEMALE","NA","87"
"V219","6057825014_R06C02","0","C","cerebellum","FEMALE","NA","87"
"V220","6042316113_R06C02","0","C","cerebellum","FEMALE","NA","68"
"V221","6042316065_R01C01","0","C","superior temporal gyrus","FEMALE","NA","68"
"V222","6969568082_R03C02","0","C","entorhinal cortex","MALE","NA","59"
"V223","6042316121_R02C01","0","C","frontal cortex","MALE","NA","59"
"V224","6042316054_R06C02","0","C","superior temporal gyrus","MALE","NA","59"
"V225","6042316113_R03C01","0","C","cerebellum","MALE","NA","59"
"V226","6042316048_R06C01","5","Exclude","frontal cortex","FEMALE","NA","80"
"V227","6057825014_R05C01","5","Exclude","cerebellum","FEMALE","NA","80"
"V228","6042316065_R06C01","5","Exclude","superior temporal gyrus","FEMALE","NA","80"
"V229","6929718138_R03C01","5","Exclude","entorhinal cortex","FEMALE","NA","80"
"V230","6042316053_R05C01","0","C","superior temporal gyrus","MALE","NA","40"
"V231","6057825008_R01C02","0","C","cerebellum","MALE","NA","40"
"V232","6042316054_R01C01","0","C","superior temporal gyrus","FEMALE","NA","55"
"V233","6042316085_R04C01","0","C","cerebellum","FEMALE","NA","55"
"V234","6042316099_R03C02","0","C","frontal cortex","FEMALE","NA","55"
"V235","6042316121_R01C01","0","C","frontal cortex","FEMALE","NA","73"
"V236","7796806002_R04C01","0","C","superior temporal gyrus","FEMALE","NA","73"
"V237","6042316066_R01C02","3","AD","frontal cortex","MALE","73","80"
"V238","6929726046_R02C02","3","AD","entorhinal cortex","MALE","73","80"
"V239","6042316061_R02C02","3","AD","superior temporal gyrus","MALE","73","80"
"V240","6057825014_R02C01","3","AD","cerebellum","MALE","73","80"
"V241","7796806143_R03C01","3","AD","whole blood","FEMALE","94","98"
"V242","6042316036_R04C02","3","AD","superior temporal gyrus","FEMALE","94","98"
"V243","6042316048_R03C01","3","AD","frontal cortex","FEMALE","94","98"
"V244","6929718138_R06C02","3","AD","entorhinal cortex","FEMALE","94","98"
"V245","6057825018_R04C02","3","AD","cerebellum","FEMALE","94","98"
"V246","6042316103_R01C02","6","AD","superior temporal gyrus","MALE","65","72"
"V247","6929718138_R05C01","6","AD","entorhinal cortex","MALE","65","72"
"V248","6042316121_R04C01","6","AD","frontal cortex","MALE","65","72"
"V249","6042316107_R01C01","6","AD","cerebellum","MALE","65","72"
"V250","6929718136_R02C01","6","AD","entorhinal cortex","FEMALE","91","98"
"V251","7796814007_R02C01","6","AD","whole blood","FEMALE","91","98"
"V252","6042316099_R04C01","6","AD","frontal cortex","FEMALE","91","98"
"V253","6042316065_R04C01","6","AD","superior temporal gyrus","FEMALE","91","98"
"V254","6929718136_R03C01","3","Exclude","entorhinal cortex","MALE","75","81"
"V255","6042316050_R04C02","3","Exclude","superior temporal gyrus","MALE","75","81"
"V256","6042316066_R01C01","3","Exclude","frontal cortex","MALE","75","81"
"V257","7796806143_R01C02","3","Exclude","whole blood","MALE","75","81"
"V258","6057825018_R03C02","3","Exclude","cerebellum","MALE","75","81"
"V259","6042316053_R01C02","2","C","superior temporal gyrus","FEMALE","NA","90"
"V260","6042316110_R05C02","2","C","frontal cortex","FEMALE","NA","90"
"V261","6042316085_R04C02","2","C","cerebellum","FEMALE","NA","90"
"V262","6969568082_R04C01","2","C","entorhinal cortex","FEMALE","NA","90"
"V263","6042316107_R03C02","1","C","cerebellum","MALE","NA","81"
"V264","6042316065_R05C01","1","C","superior temporal gyrus","MALE","NA","81"
"V265","6042316069_R05C02","1","C","frontal cortex","MALE","NA","81"
"V266","6969568082_R01C02","1","C","entorhinal cortex","MALE","NA","81"
"V267","6969568118_R05C01","1","C","entorhinal cortex","MALE","NA","66"
"V268","6042316099_R06C02","1","C","frontal cortex","MALE","NA","66"
"V269","6929718136_R03C02","1","C","cerebellum","MALE","NA","66"
"V270","6042316103_R04C02","1","C","superior temporal gyrus","MALE","NA","66"
"V271","6042316110_R02C02","6","AD","frontal cortex","FEMALE","82","88"
"V272","6969568082_R05C02","6","AD","entorhinal cortex","FEMALE","82","88"
"V273","6057825008_R03C02","6","AD","cerebellum","FEMALE","82","88"
"V274","6042316103_R05C02","6","AD","superior temporal gyrus","FEMALE","82","88"
"V275","6969568118_R03C01","3","Exclude","entorhinal cortex","MALE","80","86"
"V276","6057825017_R05C02","3","Exclude","cerebellum","MALE","80","86"
"V277","6042316053_R01C01","3","Exclude","superior temporal gyrus","MALE","80","86"
"V278","6042316121_R03C01","3","Exclude","frontal cortex","MALE","80","86"
"V279","7796806113_R04C02","3","Exclude","whole blood","MALE","80","86"
"V280","6042316113_R06C01","4","AD","cerebellum","MALE","80","82"
"V281","6042316063_R03C01","4","AD","superior temporal gyrus","MALE","80","82"
"V282","6929718136_R05C01","4","AD","entorhinal cortex","MALE","80","82"
"V283","6042316035_R03C02","4","AD","frontal cortex","MALE","80","82"
"V284","7796814007_R04C02","4","AD","whole blood","MALE","80","82"
"V285","6057825017_R04C02","3","Exclude","cerebellum","FEMALE","86","90"
"V286","6042316121_R05C01","3","Exclude","frontal cortex","FEMALE","86","90"
"V287","6929718138_R04C01","3","Exclude","entorhinal cortex","FEMALE","86","90"
"V288","6042316050_R01C02","3","Exclude","superior temporal gyrus","FEMALE","86","90"
"V289","7512560088_R05C01","3","Exclude","whole blood","FEMALE","86","90"
"V290","6969568087_R01C01","5","Exclude","entorhinal cortex","MALE","85","88"
"V291","6042316107_R01C02","5","Exclude","cerebellum","MALE","85","88"
"V292","6042316110_R04C02","5","Exclude","frontal cortex","MALE","85","88"
"V293","6042316103_R04C01","5","Exclude","superior temporal gyrus","MALE","85","88"
"V294","7796814007_R05C01","5","Exclude","whole blood","MALE","85","88"
"V295","6057825014_R06C01","6","Exclude","cerebellum","MALE","80","80"
"V296","7512560157_R01C01","6","Exclude","whole blood","MALE","80","80"
"V297","6042316065_R01C02","6","Exclude","superior temporal gyrus","MALE","80","80"
"V298","6042316066_R04C02","6","Exclude","frontal cortex","MALE","80","80"
"V299","7512551028_R03C02","6","AD","whole blood","FEMALE","76","79"
"V300","6042316069_R01C01","6","AD","frontal cortex","FEMALE","76","79"
"V301","6042316113_R05C02","6","AD","cerebellum","FEMALE","76","79"
"V302","6042316036_R02C01","6","AD","superior temporal gyrus","FEMALE","76","79"
"V303","6929718123_R05C02","6","AD","entorhinal cortex","FEMALE","76","79"
"V304","7796806143_R04C02","6","Exclude","whole blood","FEMALE","84","85"
"V305","6969568082_R04C02","6","Exclude","entorhinal cortex","FEMALE","84","85"
"V306","6042316127_R03C02","6","Exclude","cerebellum","FEMALE","84","85"
"V307","6042316048_R01C02","6","Exclude","frontal cortex","FEMALE","84","85"
"V308","6042316061_R05C02","6","Exclude","superior temporal gyrus","FEMALE","84","85"
"V309","6057825018_R05C02","4","AD","cerebellum","FEMALE","85","89"
"V310","7796806143_R05C01","4","AD","whole blood","FEMALE","85","89"
"V311","6042316035_R04C01","4","AD","frontal cortex","FEMALE","85","89"
"V312","6042316053_R02C02","4","AD","superior temporal gyrus","FEMALE","85","89"
"V313","6929718138_R01C01","4","AD","entorhinal cortex","FEMALE","85","89"
"V314","6969568087_R01C02","6","Exclude","entorhinal cortex","FEMALE","78","85"
"V315","6042316113_R03C02","6","Exclude","cerebellum","FEMALE","78","85"
"V316","6042316121_R06C02","6","Exclude","frontal cortex","FEMALE","78","85"
"V317","7796806113_R01C02","6","Exclude","whole blood","FEMALE","78","85"
"V318","6042316103_R06C01","6","Exclude","superior temporal gyrus","FEMALE","78","85"
"V319","6042316094_R06C01","4","AD","frontal cortex","FEMALE","79","84"
"V320","6969568118_R06C02","4","AD","entorhinal cortex","FEMALE","79","84"
"V321","6042316085_R05C01","4","AD","cerebellum","FEMALE","79","84"
"V322","6042316053_R03C02","4","AD","superior temporal gyrus","FEMALE","79","84"
"V323","7796806113_R06C01","4","AD","whole blood","FEMALE","79","84"
"V324","6042316113_R02C01","6","AD","cerebellum","FEMALE","81","86"
"V325","6042316121_R06C01","6","AD","frontal cortex","FEMALE","81","86"
"V326","7796814007_R05C02","6","AD","whole blood","FEMALE","81","86"
"V327","6042316063_R06C02","6","AD","superior temporal gyrus","FEMALE","81","86"
"V328","6929726046_R03C02","6","AD","entorhinal cortex","FEMALE","81","86"
"V329","6042316069_R04C02","5","AD","frontal cortex","FEMALE","96","103"
"V330","6969568084_R03C01","5","AD","entorhinal cortex","FEMALE","96","103"
"V331","6042316054_R02C02","5","AD","superior temporal gyrus","FEMALE","96","103"
"V332","6057825018_R05C01","5","AD","cerebellum","FEMALE","96","103"
"V333","7796806113_R06C02","5","AD","whole blood","FEMALE","96","103"
"V334","6042316054_R03C02","6","AD","superior temporal gyrus","MALE","70","74"
"V335","6042316094_R01C02","6","AD","frontal cortex","MALE","70","74"
"V336","6969568087_R05C02","6","AD","entorhinal cortex","MALE","70","74"
"V337","6042316085_R06C01","6","AD","cerebellum","MALE","70","74"
"V338","7796806143_R05C02","6","AD","whole blood","MALE","70","74"
"V339","7512551028_R04C02","6","AD","whole blood","MALE","82","88"
"V340","6969568118_R02C02","6","AD","entorhinal cortex","MALE","82","88"
"V341","6042316050_R04C01","6","AD","superior temporal gyrus","MALE","82","88"
"V342","6042316085_R03C02","6","AD","cerebellum","MALE","82","88"
"V343","6042316066_R02C01","6","AD","frontal cortex","MALE","82","88"
"V344","6969568087_R02C02","6","AD","entorhinal cortex","FEMALE","76","81"
"V345","7796814007_R03C02","6","AD","whole blood","FEMALE","76","81"
"V346","6042316063_R02C02","6","AD","superior temporal gyrus","FEMALE","76","81"
"V347","6042316110_R05C01","6","AD","frontal cortex","FEMALE","76","81"
"V348","6057825017_R02C02","6","AD","cerebellum","FEMALE","76","81"
"V349","7512560117_R05C02","5","AD","whole blood","MALE","75","77"
"V350","6929718136_R05C02","5","AD","entorhinal cortex","MALE","75","77"
"V351","6057825014_R04C02","5","AD","cerebellum","MALE","75","77"
"V352","6042316063_R04C02","5","AD","superior temporal gyrus","MALE","75","77"
"V353","7796806029_R06C01","5","AD","frontal cortex","MALE","75","77"
"V354","6969568118_R06C01","6","AD","entorhinal cortex","MALE","83","86"
"V355","6042316061_R06C02","6","AD","superior temporal gyrus","MALE","83","86"
"V356","6057825014_R01C01","6","AD","cerebellum","MALE","83","86"
"V357","6042316094_R02C02","6","AD","frontal cortex","MALE","83","86"
"V358","6042316094_R05C02","6","Exclude","frontal cortex","MALE","70","75"
"V359","6042316053_R06C01","6","Exclude","superior temporal gyrus","MALE","70","75"
"V360","6929718136_R06C02","6","Exclude","entorhinal cortex","MALE","70","75"
"V361","6057825017_R01C02","6","Exclude","cerebellum","MALE","70","75"
"V362","7512560117_R01C01","6","Exclude","whole blood","MALE","70","75"
"V363","6929718123_R03C02","3","AD","entorhinal cortex","FEMALE","89","92"
"V364","6042316066_R06C02","3","AD","frontal cortex","FEMALE","89","92"
"V365","7512560088_R01C02","3","AD","whole blood","FEMALE","89","92"
"V366","6042316050_R06C01","3","AD","superior temporal gyrus","FEMALE","89","92"
"V367","6057825008_R04C01","3","AD","cerebellum","FEMALE","89","92"
"V368","6042316050_R05C02","3","Exclude","superior temporal gyrus","MALE","85","86"
"V369","6969568082_R06C01","3","Exclude","entorhinal cortex","MALE","85","86"
"V370","7512551028_R06C01","3","Exclude","whole blood","MALE","85","86"
"V371","6057825008_R02C02","3","Exclude","cerebellum","MALE","85","86"
"V372","6042316035_R05C02","3","Exclude","frontal cortex","MALE","85","86"
"V373","6042316065_R03C01","6","Exclude","superior temporal gyrus","FEMALE","80","84"
"V374","6969568118_R04C01","6","Exclude","entorhinal cortex","FEMALE","80","84"
"V375","6042316048_R03C02","6","Exclude","frontal cortex","FEMALE","80","84"
"V376","7796806142_R05C01","6","Exclude","whole blood","FEMALE","80","84"
"V377","6929718123_R06C02","5","Exclude","entorhinal cortex","FEMALE","87","92"
"V378","6042316061_R05C01","5","Exclude","superior temporal gyrus","FEMALE","87","92"
"V379","6057825017_R03C02","5","Exclude","cerebellum","FEMALE","87","92"
"V380","6042316066_R02C02","5","Exclude","frontal cortex","FEMALE","87","92"
"V381","7796806143_R02C02","5","Exclude","whole blood","FEMALE","87","92"
"V382","7512560088_R02C02","6","AD","whole blood","FEMALE","73","79"
"V383","6969568118_R01C01","6","AD","entorhinal cortex","FEMALE","73","79"
"V384","6057825014_R03C02","6","AD","cerebellum","FEMALE","73","79"
"V385","7786923046_R04C01","6","AD","superior temporal gyrus","FEMALE","73","79"
"V386","6042316099_R03C01","6","AD","frontal cortex","FEMALE","73","79"
"V387","7786923046_R03C02","1","C","superior temporal gyrus","FEMALE","84","92"
"V388","6042316094_R05C01","1","C","frontal cortex","FEMALE","84","92"
"V389","6057825017_R06C01","1","C","cerebellum","FEMALE","84","92"
"V390","7796806142_R01C02","1","C","whole blood","FEMALE","84","92"
"V391","7786923107_R04C01","1","C","entorhinal cortex","FEMALE","84","92"
"V392","6042316054_R04C02","5","Exclude","superior temporal gyrus","MALE","89","97"
"V393","6929718136_R04C02","5","Exclude","entorhinal cortex","MALE","89","97"
"V394","7512560088_R02C01","5","Exclude","whole blood","MALE","89","97"
"V395","6042316035_R02C02","5","Exclude","frontal cortex","MALE","89","97"
"V396","6057825008_R04C02","5","Exclude","cerebellum","MALE","89","97"
"V397","6929718136_R04C01","6","Exclude","cerebellum","FEMALE","74","80"
"V398","6042316050_R03C01","6","Exclude","superior temporal gyrus","FEMALE","74","80"
"V399","6929726046_R04C02","6","Exclude","entorhinal cortex","FEMALE","74","80"
"V400","7796806142_R06C02","6","Exclude","whole blood","FEMALE","74","80"
"V401","6042316099_R05C01","6","Exclude","frontal cortex","FEMALE","74","80"
"V402","6929718138_R04C02","6","AD","entorhinal cortex","FEMALE","91","98"
"V403","6042316066_R04C01","6","AD","frontal cortex","FEMALE","91","98"
"V404","6057825017_R05C01","6","AD","cerebellum","FEMALE","91","98"
"V405","6042316061_R02C01","6","AD","superior temporal gyrus","FEMALE","91","98"
"V406","7796806142_R03C01","6","AD","whole blood","FEMALE","91","98"
"V407","7796806142_R04C02","1","Exclude","whole blood","FEMALE","82","85"
"V408","6042316069_R03C01","1","Exclude","frontal cortex","FEMALE","82","85"
"V409","6969568118_R01C02","1","Exclude","entorhinal cortex","FEMALE","82","85"
"V410","6057825014_R02C02","1","Exclude","cerebellum","FEMALE","82","85"
"V411","6042316063_R05C01","1","Exclude","superior temporal gyrus","FEMALE","82","85"
"V412","6929718138_R06C01","6","Exclude","entorhinal cortex","MALE","79","88"
"V413","6042316036_R06C01","6","Exclude","superior temporal gyrus","MALE","79","88"
"V414","6057825008_R06C01","6","Exclude","cerebellum","MALE","79","88"
"V415","6042316048_R04C02","6","Exclude","frontal cortex","MALE","79","88"
"V416","7512551028_R02C01","6","Exclude","whole blood","MALE","79","88"
"V417","6042316048_R06C02","2","Exclude","frontal cortex","MALE","89","97"
"V418","6042316054_R01C02","2","Exclude","superior temporal gyrus","MALE","89","97"
"V419","6929718123_R05C01","2","Exclude","entorhinal cortex","MALE","89","97"
"V420","6057825008_R01C01","2","Exclude","cerebellum","MALE","89","97"
"V421","6969568087_R02C01","4","Exclude","entorhinal cortex","FEMALE","87","94"
"V422","7796814007_R04C01","4","Exclude","whole blood","FEMALE","87","94"
"V423","6042316069_R02C01","4","Exclude","frontal cortex","FEMALE","87","94"
"V424","6057825014_R03C01","4","Exclude","cerebellum","FEMALE","87","94"
"V425","6042316050_R02C02","4","Exclude","superior temporal gyrus","FEMALE","87","94"
"V426","6042316103_R05C01","5","Exclude","superior temporal gyrus","MALE","99","105"
"V427","6969568087_R05C01","5","Exclude","entorhinal cortex","MALE","99","105"
"V428","7796806143_R04C01","5","Exclude","whole blood","MALE","99","105"
"V429","6042316121_R02C02","5","Exclude","frontal cortex","MALE","99","105"
"V430","6057825008_R05C02","5","Exclude","cerebellum","MALE","99","105"
"V431","7796806142_R05C02","5","AD","whole blood","FEMALE","88","95"
"V432","6042316099_R01C02","5","AD","frontal cortex","FEMALE","88","95"
"V433","6042316127_R05C02","5","AD","cerebellum","FEMALE","88","95"
"V434","6042316061_R03C01","5","AD","superior temporal gyrus","FEMALE","88","95"
"V435","6929718138_R02C01","5","AD","entorhinal cortex","FEMALE","88","95"
"V436","7796806002_R06C01","5","Exclude","frontal cortex","MALE","82","89"
"V437","7796806038_R03C01","5","Exclude","superior temporal gyrus","MALE","82","89"
"V438","6969568082_R02C01","5","Exclude","entorhinal cortex","MALE","82","89"
"V439","7796814007_R01C02","5","Exclude","whole blood","MALE","82","89"
"V440","7786923063_R04C01","5","Exclude","cerebellum","MALE","82","89"
"V441","6042316063_R04C01","6","AD","superior temporal gyrus","FEMALE","74","83"
"V442","7796806038_R05C02","6","AD","cerebellum","FEMALE","74","83"
"V443","7512560117_R02C01","6","AD","whole blood","FEMALE","74","83"
"V444","7512551028_R03C01","2","Exclude","whole blood","FEMALE","79","87"
"V445","7796806022_R04C02","2","Exclude","cerebellum","FEMALE","79","87"
"V446","7796806038_R03C02","2","Exclude","superior temporal gyrus","FEMALE","79","87"
"V447","6969568087_R03C02","2","Exclude","entorhinal cortex","FEMALE","79","87"
"V448","7796806002_R04C02","2","Exclude","frontal cortex","FEMALE","79","87"
"V449","6969568084_R01C01","6","AD","entorhinal cortex","FEMALE","74","83"
"V450","7796806022_R06C01","6","AD","cerebellum","FEMALE","74","83"
"V451","7786923063_R01C02","6","AD","superior temporal gyrus","FEMALE","74","83"
"V452","7796806002_R01C01","6","AD","frontal cortex","FEMALE","74","83"
"V453","7796806113_R05C01","6","AD","whole blood","FEMALE","74","83"
"V454","7512560088_R05C02","3","Exclude","whole blood","FEMALE","80","90"
"V455","7786923107_R05C01","3","Exclude","frontal cortex","FEMALE","80","90"
"V456","7786923063_R03C01","3","Exclude","cerebellum","FEMALE","80","90"
"V457","7796806022_R05C02","3","Exclude","superior temporal gyrus","FEMALE","80","90"
"V458","6969568084_R04C01","3","Exclude","entorhinal cortex","FEMALE","80","90"
"V459","6969568082_R03C01","6","Exclude","entorhinal cortex","FEMALE","NA","72"
"V460","7796806038_R04C02","6","Exclude","superior temporal gyrus","FEMALE","NA","72"
"V461","7796806016_R01C02","6","Exclude","frontal cortex","FEMALE","NA","72"
"V462","7786923046_R01C02","6","Exclude","cerebellum","FEMALE","NA","72"
"V463","7786923107_R03C01","6","Exclude","frontal cortex","FEMALE","79","88"
"V464","7796806038_R02C02","6","Exclude","cerebellum","FEMALE","79","88"
"V465","7786923046_R01C01","6","Exclude","superior temporal gyrus","FEMALE","79","88"
"V466","6929718123_R03C01","6","Exclude","entorhinal cortex","FEMALE","79","88"
"V467","6929726046_R05C01","6","AD","entorhinal cortex","FEMALE","89","95"
"V468","7796806143_R06C01","6","AD","whole blood","FEMALE","89","95"
"V469","7786923063_R01C01","6","AD","cerebellum","FEMALE","89","95"
"V470","7796806022_R04C01","6","AD","superior temporal gyrus","FEMALE","89","95"
"V471","7786923107_R01C02","6","AD","frontal cortex","FEMALE","89","95"
"V472","7512551028_R06C02","5","AD","whole blood","MALE","82","83"
"V473","7796806016_R06C01","5","AD","frontal cortex","MALE","82","83"
"V474","7796806022_R03C01","5","AD","superior temporal gyrus","MALE","82","83"
"V475","7796806022_R01C01","5","AD","cerebellum","MALE","82","83"
"V476","7786923046_R02C01","1","C","cerebellum","MALE","NA","74"
"V477","7796806029_R03C02","1","C","frontal cortex","MALE","NA","74"
"V478","7796806016_R04C01","1","C","entorhinal cortex","MALE","NA","74"
"V479","7796806038_R06C01","1","C","superior temporal gyrus","MALE","NA","74"
"V480","7786923107_R01C01","6","Exclude","entorhinal cortex","MALE","NA","79"
"V481","7796806022_R02C01","6","Exclude","superior temporal gyrus","MALE","NA","79"
"V482","7786923046_R05C02","6","Exclude","cerebellum","MALE","NA","79"
"V483","7796806002_R03C02","6","Exclude","frontal cortex","MALE","NA","79"
"V484","7796806016_R04C02","1","C","entorhinal cortex","MALE","NA","77"
"V485","7786923063_R02C02","1","C","superior temporal gyrus","MALE","NA","77"
"V486","7786923063_R02C01","1","C","cerebellum","MALE","NA","77"
"V487","7796806002_R01C02","1","C","frontal cortex","MALE","NA","77"
"V488","7796806029_R01C01","2","C","frontal cortex","MALE","NA","82"
"V489","7796806038_R01C01","2","C","superior temporal gyrus","MALE","NA","82"
"V490","7796806016_R06C02","2","C","entorhinal cortex","MALE","NA","82"
"V491","7786923063_R06C02","2","C","cerebellum","MALE","NA","82"
"V492","7796806016_R03C01","6","Exclude","entorhinal cortex","MALE","NA","67"
"V493","7786923107_R04C02","6","Exclude","frontal cortex","MALE","NA","67"
"V494","7796806038_R06C02","6","Exclude","cerebellum","MALE","NA","67"
"V495","7796806038_R04C01","6","Exclude","superior temporal gyrus","MALE","NA","67"
"V496","7786923046_R05C01","0","C","cerebellum","MALE","NA","73"
"V497","7796806029_R04C02","0","C","frontal cortex","MALE","NA","73"
"V498","7796806029_R06C02","0","C","entorhinal cortex","MALE","NA","73"
"V499","7786923046_R02C02","0","C","superior temporal gyrus","MALE","NA","73"
"V500","7796806016_R02C02","3","AD","frontal cortex","FEMALE","NA","86"
"V501","7786923063_R05C01","3","AD","superior temporal gyrus","FEMALE","NA","86"
"V502","7796806016_R02C01","3","AD","entorhinal cortex","FEMALE","NA","86"
"V503","7786923063_R05C02","3","AD","cerebellum","FEMALE","NA","86"
"V504","7796806038_R01C02","6","AD","superior temporal gyrus","MALE","NA","66"
"V505","7786923107_R02C02","6","AD","frontal cortex","MALE","NA","66"
"V506","7796806022_R01C02","6","AD","cerebellum","MALE","NA","66"
"V507","7796806002_R02C01","6","AD","entorhinal cortex","MALE","NA","66"
"V508","7796806029_R05C02","5","Exclude","frontal cortex","FEMALE","NA","83"
"V509","7796806016_R01C01","5","Exclude","entorhinal cortex","FEMALE","NA","83"
"V510","7796806022_R06C02","5","Exclude","superior temporal gyrus","FEMALE","NA","83"
"V511","7786923046_R06C02","5","Exclude","cerebellum","FEMALE","NA","83"
"V512","7786923107_R05C02","6","AD","entorhinal cortex","MALE","NA","90"
"V513","7796806029_R03C01","6","AD","frontal cortex","MALE","NA","90"
"V514","7796806022_R05C01","6","AD","cerebellum","MALE","NA","90"
"V515","7786923063_R04C02","6","AD","superior temporal gyrus","MALE","NA","90"
"V516","7796806022_R02C02","3","C","superior temporal gyrus","MALE","NA","95"
"V517","7796806029_R02C02","3","C","entorhinal cortex","MALE","NA","95"
"V518","7796806038_R02C01","3","C","cerebellum","MALE","NA","95"
"V519","7786923107_R06C02","3","C","frontal cortex","MALE","NA","95"
"V520","7796806029_R01C02","1","C","frontal cortex","FEMALE","NA","79"
"V521","7796806016_R05C01","1","C","entorhinal cortex","FEMALE","NA","79"
"V522","7786923046_R03C01","1","C","cerebellum","FEMALE","NA","79"
"V523","7786923063_R03C02","1","C","superior temporal gyrus","FEMALE","NA","79"
"V524","7786923107_R03C02","2","C","frontal cortex","FEMALE","NA","91"
"V525","7796806016_R05C02","2","C","entorhinal cortex","FEMALE","NA","91"
"V526","7796806022_R03C02","2","C","superior temporal gyrus","FEMALE","NA","91"
"V527","7796806038_R05C01","2","C","cerebellum","FEMALE","NA","91"
"V528","7512551028_R05C01","Exclude","C","whole blood","MALE","76","NA"
"V529","7512551028_R02C02","Exclude","C","whole blood","FEMALE","74","NA"
"V530","7512560157_R02C01","Exclude","C","whole blood","FEMALE","79","NA"
"V531","7512560157_R04C01","Exclude","C","whole blood","FEMALE","72","NA"
"V532","7796806142_R06C01","Exclude","C","whole blood","MALE","88","NA"
